<?xml version="1.0" encoding="UTF-8" standalone="yes"?>
<addon id="resource.images.skinicons.wide" name="Skin Icons - Wide" version="1.0.5" provider-name="marcelveldt, cartman.dos">
	<extension point="kodi.resource.images" compile="false" type="skinicons" />
	<requires>
		<import addon="kodi.resource" version="1.0.0"/>
	</requires>
	<extension point="xbmc.addon.metadata">
		<summary lang="en">Skin Icons Pack - Wide</summary>
		<description lang="en">Skin Icons Pack - Wide</description>
		<platform>all</platform>
		<license>GPL v3.0</license>
		<forum>https://forum.kodi.tv/showthread.php?tid=334820</forum>
		<website></website>
		<source>https://github.com/cartmandos/resource.images.skinicons.wide/</source>
		<assets>
            <icon>icon.png</icon>
        </assets>
	</extension>
</addon>
