<?xml version="1.0" encoding="UTF-8" standalone="yes"?>
<addon id="repository.titan.bingie.mod" name="TITAN BINGIE MOD Repository" provider-name="matke-84" version="1.0.0">
    <requires>
        <import addon="xbmc.addon" version="12.0.0"/>
    </requires>
	<extension name="titan bingie mod repository" point="xbmc.addon.repository">
		<info compressed="false">https://raw.githubusercontent.com/matke-84/repository.titan.bingie.mod/master/addons.xml</info>
		<checksum>https://raw.githubusercontent.com/matke-84/repository.titan.bingie.mod/master/addons.xml.md5</checksum>
		<datadir zip="true">https://raw.githubusercontent.com/matke-84/repository.titan.bingie.mod/master/</datadir>
	</extension>
	<extension point="xbmc.addon.metadata">
		<summary lang="en">Home of Titan BINGIE MOD</summary>
		<description lang="en">TITAN BINGIE MOD repository</description>
		<platform>all</platform>
		<assets>
            <icon>icon.png</icon>
            <fanart>fanart.jpg</fanart>
        </assets>
	</extension>
</addon>